Month,Payment Date,Payment,Interest,Principal,Remaining Principal
1,2023-05-25,1130.9428064645563,292.0963449166667,838.8464615478896,69404.76353845211
2,2023-06-24,1130.9428064645563,288.6081417140634,842.334664750493,68562.42887370162
3,2023-07-24,1130.9428064645563,285.1054333998092,845.837373064747,67716.59150063687
4,2023-08-23,1130.9428064645563,281.588159656815,849.3546468077413,66867.23685382913
5,2023-09-22,1130.9428064645563,278.05625991717284,852.8865465473834,66014.35030728175
6,2023-10-22,1130.9428064645563,274.5096733611133,856.433133103443,65157.917174178314
7,2023-11-21,1130.9428064645563,270.9483389159582,859.9944675485981,64297.92270662972
8,2023-12-21,1130.9428064645563,267.37219525506856,863.5706112094877,63434.35209542023
9,2024-01-20,1130.9428064645563,263.78118079678916,867.1616256677671,62567.190469752466
10,2024-02-19,1130.9428064645563,260.17523370338733,870.7675727611689,61696.422896991295
11,2024-03-20,1130.9428064645563,256.5542918799888,874.3885145845675,60822.034382406724
12,2024-04-19,1130.9428064645563,252.91829297350796,878.0245134910483,59944.00986891567
13,2024-05-19,1130.9428064645563,249.26717437157433,881.6756320929819,59062.33423682269
14,2024-06-18,1130.9428064645563,245.60087320145433,885.341933263102,58176.992303559586
15,2024-07-18,1130.9428064645563,241.91932632896862,889.0234801355876,57287.968823423995
16,2024-08-17,1130.9428064645563,238.22247035740477,892.7203361071515,56395.24848731684
17,2024-09-16,1130.9428064645563,234.51024162642588,896.4325648381304,55498.815922478716
18,2024-10-16,1130.9428064645563,230.78257621097399,900.1602302535823,54598.65569222513
19,2024-11-15,1130.9428064645563,227.0394099201695,903.9033965443867,53694.752295680744
20,2024-12-15,1130.9428064645563,223.28067829620576,907.6621281683505,52787.0901675124
21,2025-01-14,1130.9428064645563,219.50631661323905,911.4364898513172,51875.65367766108
22,2025-02-13,1130.9428064645563,215.716259876274,915.2265465882823,50960.4271310728
23,2025-03-15,1130.9428064645563,211.91044282004438,919.0323636445119,50041.39476742829
24,2025-04-14,1130.9428064645563,208.0887999078893,922.854006556667,49118.54076087162
25,2025-05-14,1130.9428064645563,204.25126533062448,926.6915411339318,48191.84921973769
26,2025-06-13,1130.9428064645563,200.39777300540922,930.545033459147,47261.30418627855
27,2025-07-13,1130.9428064645563,196.5282565746083,934.4145498899479,46326.8896363886
28,2025-08-12,1130.9428064645563,192.64264940464926,938.300157059907,45388.58947932869
29,2025-09-11,1130.9428064645563,188.74088458487515,942.2019218796811,44446.387557449016
30,2025-10-11,1130.9428064645563,184.82289492639217,946.1199115381642,43500.26764591085
31,2025-11-10,1130.9428064645563,180.8886129609126,950.0541935036437,42550.2134524072
32,2025-12-10,1130.9428064645563,176.93797093959327,954.004835524963,41596.20861688224
33,2026-01-09,1130.9428064645563,172.97090083186865,957.9719056326876,40638.236711249556
34,2026-02-08,1130.9428064645563,168.9873343242794,961.9554721402769,39676.28123910928
35,2026-03-10,1130.9428064645563,164.9872028192961,965.9556036452602,38710.32563546402
36,2026-04-09,1130.9428064645563,160.97043743413786,969.9723690304183,37740.3532664336
37,2026-05-09,1130.9428064645563,156.93696899958638,974.0058374649699,36766.347428968635
38,2026-06-08,1130.9428064645563,152.88672805879457,978.0560784057617,35788.291350562875
39,2026-07-08,1130.9428064645563,148.8196448660906,982.1231615984657,34806.16818896441
40,2026-08-07,1130.9428064645563,144.735649385777,986.2071570787792,33819.96103188563
41,2026-09-06,1130.9428064645563,140.63467129092442,990.3081351736319,32829.652896711996
42,2026-10-06,1130.9428064645563,136.51663996216072,994.4261665023955,31835.2267302096
43,2026-11-05,1130.9428064645563,132.38148448645492,998.5613219781013,30836.6654082315
44,2026-12-05,1130.9428064645563,128.229133655896,1002.7136728086602,29833.95173542284
45,2027-01-04,1130.9428064645563,124.05951596646665,1006.8832904980897,28827.068444924753
46,2027-02-03,1130.9428064645563,119.8725596168121,1011.0702468477442,27815.99819807701
47,2027-03-05,1130.9428064645563,115.66819250700357,1015.2746139575527,26800.723584119456
48,2027-04-04,1130.9428064645563,111.44634223729673,1019.4964642272596,25781.227119892195
49,2027-05-04,1130.9428064645563,107.20693610688504,1023.7358703576713,24757.491249534523
50,2027-06-03,1130.9428064645563,102.94990111264772,1027.9929053519086,23729.498344182615
51,2027-07-03,1130.9428064645563,98.67516394789271,1032.2676425166635,22697.23070166595
52,2027-08-02,1130.9428064645563,94.38265100109425,1036.560155463462,21660.670546202487
53,2027-09-01,1130.9428064645563,90.07228835462534,1040.870518109931,20619.800028092555
54,2027-10-01,1130.9428064645563,85.74400178348488,1045.1988046810714,19574.601223411482
55,2027-10-31,1130.9428064645563,81.39771675401941,1049.5450897105368,18525.056133700946
56,2027-11-30,1130.9428064645563,77.03335842263976,1053.9094480419164,17471.14668565903
57,2027-12-30,1130.9428064645563,72.65085163453213,1058.2919548300242,16412.854730829007
58,2028-01-29,1130.9428064645563,68.25012092236395,1062.6926855421923,15350.162045286816
59,2028-02-28,1130.9428064645563,63.83109050498434,1067.111715959572,14283.050329327243
60,2028-03-29,1130.9428064645563,59.39368428611912,1071.549122178437,13211.501207148805
61,2028-04-28,1130.9428064645563,54.937825853060446,1076.0049806114957,12135.49622653731
62,2028-05-28,1130.9428064645563,50.46343847535098,1080.4793679892052,11055.016858548106
63,2028-06-27,1130.9428064645563,45.97044510346254,1084.9723613610938,9970.044497187013
64,2028-07-27,1130.9428064645563,41.458768367469325,1089.484038097087,8880.560459089926
65,2028-08-26,1130.9428064645563,36.928330575715606,1094.0144758888407,7786.545983201085
66,2028-09-25,1130.9428064645563,32.379053713477845,1098.5637527510785,6687.982230450007
67,2028-10-25,1130.9428064645563,27.81085944162128,1103.131947022935,5584.850283427071
68,2028-11-24,1130.9428064645563,23.223669095250905,1107.7191373693054,4477.131146057765
69,2028-12-24,1130.9428064645563,18.617403682356873,1112.3254027821995,3364.805743275566
70,2029-01-23,1130.9428064645563,13.991983882454228,1116.950822582102,2247.854920693464
71,2029-02-22,1130.9428064645563,9.347330045216987,1121.5954764193393,1126.2594442741247
72,2029-03-24,1130.9428064645563,4.683362189106568,1126.2594442754496,-1.3249064068077132e-09
